,ID,HIP,TYC,UCAC,2MASS,SDSS,Objtype,Kepflag,StpropFlag,RA,DEC,pmRA,e_pmRA,pmDEC,e_pmDEC,plx,e_plx,Bmag,e_Bmag,Vmag,e_Vmag,umag,e_umag,gmag,e_gmag,rmag,e_rmag,imag,e_imag,zmag,e_zmag,Jmag,e_Jmag,Hmag,e_Hmag,Kmag,e_Kmag,W1mag,e_W1mag,W2mag,e_W2mag,W3mag,e_W3mag,W4mag,e_W4mag,Kp,Teff,e_Teff,logg,e_logg,[Fe/H],e_[Fe/H],Rad,e_Rad,Mass,e_Mass,rho,e_rho,Lum,e_Lum,d,e_d,E(B-V),NOMAD,Mflg,prox,umag0,Jmag0,Kmag0,rmag0,gmag0,Hmag0
404,228683805,,,,12284187-1252290,,STAR,JHK,,187.174499,-12.874736,,,,,,,,,,,,,,,,,,,,,14.495,0.032,13.735999999999999,0.036000000000000004,13.534,0.051,,,,,,,,,16.750999999999998,,,,,,,,,,,,,,,,,0.02147,0771-0320048,AAA-222-111-000-0-0,56.3,,14.479477189999999,13.527344300000001,,,13.726123799999998
1412,228684813,,,,12295542-1239204,,STAR,JHK,,187.480947,-12.655682,,,,,,,,,,,,,,,,,,,,,14.889000000000001,0.039,14.107000000000001,0.03,13.825999999999999,0.051,,,,,,,,,17.408,,,,,,,,,,,,,,,,,0.03403,0773-0322412,AAA-222-111-000-0-0,59.5,,14.864396310000002,13.8154507,,,14.0913462
2155,228685556,,,388-059256,12224389-1232037,,STAR,gri,,185.68292,-12.534371,2.2,1.8,-1.2,3.0,,,16.711,0.03,15.294,0.01,,,16.054000000000002,0.06,14.889000000000001,0.07,14.35,0.11,,,12.927999999999999,0.026000000000000002,12.145,0.021,12.014000000000001,0.024,,,,,,,,,14.860999999999999,,,,,,,,,,,,,,,,,0.01975,,AAA-222-111-000-0-0,54.5,,12.91372075,12.007877500000001,14.843871250000001,15.988765750000002,12.135914999999999
2285,228685686,,,,12385712-1230560,6121-301-6-0078-0336,STAR,gri,,189.738033,-12.515576,-5.0,3.0,-6.0,3.0,,,,,,,21.410999999999998,0.158,18.875,0.009000000000000001,17.465,0.006,16.634,0.005,16.162,0.008,14.992,0.043,14.229000000000001,0.04,13.995999999999999,0.055999999999999994,,,,,,,,,17.305999999999997,,,,,,,,,,,,,,,,,0.03175,,AAA-222-111-000-0-0,52.5,21.276411749999998,14.96904475,13.9861575,17.39245125,18.77012975,14.214395000000001
2824,228686225,,,388-059085,12172164-1226544,,STAR,gri,,184.340191,-12.448496,0.1,2.3,-4.2,2.3,,,17.346,0.08,15.865,0.061,,,16.547,0.08,15.455,0.01,15.144,0.29,,,13.472000000000001,0.024,12.725999999999999,0.025,12.544,0.023,,,,,,,,,15.565,,,,,,,,,,,,,,,,,0.0348,,AAA-222-111-000-0-0,49.9,,13.4468396,12.533212,15.375482,16.4320556,12.709992
2917,228686318,,,,12170934-1226217,,STAR,JHK,,184.288952,-12.439368,,,,,,,,,,,,,,,,,,,,,14.562999999999999,0.04,13.84,0.025,13.583,0.038,,,,,,,,,17.099,,,,,,,,,,,,,,,,,0.0348,0775-0319785,AAA-222-111-000-0-0,63.9,,14.537839599999998,13.572212,,,13.823992
4563,228687964,,,,12303904-1215234,,STAR,JHK,,187.6627,-12.256515,,,,,,,,,,,,,,,,,,,,,14.832,0.042,14.091,0.046,13.868,0.062,,,,,,,,,17.35,,,,,,,,,,,,,,,,,0.02379,0777-0326137,AAA-222-111-000-0-0,48.0,,14.81479983,13.8606251,,,14.080056599999999
4982,228688383,,,,12300675-1212566,,STAR,J,,187.528131,-12.215722999999999,,,,,,,,,,,,,,,,,,,,,14.838,0.043,14.107999999999999,0.037000000000000005,13.837,0.06,,,,,,,,,16.245,,,,,,,,,,,,,,,,,0.02331,0777-0325917,AAA-222-111-000-0-0,56.4,,14.82114687,13.8297739,,,14.0972774
9819,228693220,,,391-057132,12294770-1150227,,STAR,JHK,,187.44870600000002,-11.839617,4.1,5.9,2.7,4.9,,,,,,,,,,,,,,,,,14.163,0.032,13.415999999999999,0.027000000000000003,13.21,0.038,,,,,,,,,16.664,,,,,,,,,,,,,,,,,0.02805,,AAA-222-111-000-0-0,35.6,,14.14271985,13.2013045,,,13.403096999999999
10303,228693704,,,391-057193,12321374-1148261,,STAR,JHK,,188.057256,-11.807246000000001,-6.1,6.1,-3.8,6.0,,,,,,,,,,,,,,,,,14.933,0.045,14.193,0.04,13.98,0.068,,,,,,,,,17.434,,,,,,,,,,,,,,,,,0.03435,,AAA-222-111-000-0-0,86.3,,14.90816495,13.9693515,,,14.177199
10917,228694318,,,,12412255-1145413,6005-301-5-0085-0109,STAR,gri,,190.34399,-11.761474,2.0,3.0,4.0,3.0,,,,,,,21.389,0.133,18.615,0.008,17.149,0.005,16.45,0.004,16.058,0.006999999999999999,14.872,0.039,14.116,0.023,13.956,0.059000000000000004,,,,,,,,,17.1,,,,,,,,,,,,,,,,,0.01908,,AAA-222-111-000-0-0,26.1,21.30811988,14.85820516,13.9500852,17.1054022,18.551978759999997,14.1072232
11353,228694754,,,,12434377-1143435,6005-301-4-0085-0221,STAR,gri,,190.932377,-11.728762,-9.0,3.0,3.0,3.0,,,,,,,21.136999999999997,0.122,18.462,0.006999999999999999,17.053,0.005,16.274,0.004,15.821,0.006999999999999999,14.615,0.04,13.817,0.033,13.609000000000002,0.049,,,,,,,,,16.93,,,,,,,,,,,,,,,,,0.03016,,AAA-222-111-000-0-0,19.9,21.009151759999998,14.59319432,13.599650400000002,16.9840844,18.36238152,13.8031264
14909,228698310,,,393-055370,12271734-1130031,,STAR,JHK,,186.822305,-11.500917,7.6,9.3,-5.7,10.8,,,,,,,,,,,,,,,,,14.614,0.04,13.845,0.039,13.652999999999999,0.05,,,,,,,,,16.87,,,,,,,,,,,,,,,,,0.02583,,AAA-222-111-000-0-0,6.9,,14.59532491,13.6449927,,,13.833118200000001
15254,228698655,,,,12424155-1128486,,STAR,J,,190.67316200000002,-11.480176,,,,,,,,,,,,,,,,,,,,,14.552999999999999,0.068,13.821,0.069,13.508,0.066,,,,,,,,,15.937999999999999,,,,,,,,,,,,,,,,,0.02515,0785-0247788,AAA-222-111-000-0-0,21.7,,14.534816549999999,13.5002035,,,13.809431
15604,228699005,,,,12213316-1127356,,STAR,J,,185.388176,-11.459914,,,,,,,,,,,,,,,,,,,,,14.357000000000001,0.039,13.63,0.033,13.345,0.043,,,,,,,,,15.727,,,,,,,,,,,,,,,,,0.01951,0785-0243059,AAA-222-111-000-0-0,34.7,,14.34289427,13.338951900000001,,,13.6210254
17521,228700922,,,,12121789-1120431,,STAR,JHK,,183.074551,-11.345315,-4.0,1.0,6.0,3.0,,,,,,,,,,,,,,,,,14.825999999999999,0.042,14.058,0.035,13.805,0.06,,,,,,,,,17.232,,,,,,,,,,,,,,,,,0.07969,0786-0238343,AAA-222-111-000-0-0,16.3,,14.76838413,13.7802961,,,14.0213426
20375,228703776,,,,12182487-1111015,,STAR,JHK,,184.60364099999998,-11.183769999999999,8.0,1.0,8.0,4.0,,,,,,,,,,,,,,,,,14.917,0.036000000000000004,14.173,0.043,13.972000000000001,0.062,,,,,,,,,17.403,,,,,,,,,,,,,,,,,0.02887,0788-0240445,AAA-222-111-000-0-0,77.4,,14.896126989999999,13.9630503,,,14.1597198
26415,228709816,,,,12240281-1052038,,STAR,JHK,,186.01173,-10.867739,,,,,,,,,,,,,,,,,,,,,14.957,0.08199999999999999,14.16,0.085,13.845999999999998,0.076,,,,,,,,,17.616,,,,,,,,,,,,,,,,,0.02719,0791-0239481,AAA-222-111-000-0-0,66.4,,14.93734163,13.837571099999998,,,14.1474926
28622,228712023,,,,12261371-1045211,,STAR,JHK,,186.55715700000002,-10.755884,,,,,,,,,,,,,,,,,,,,,14.304,0.03,13.565999999999999,0.035,13.35,0.045,,,,,,,,,16.805999999999997,,,,,,,,,,,,,,,,,0.02105,0792-0241246,AAA-222-111-000-0-0,14.4,,14.28878085,13.3434745,,,13.556316999999998
31313,228714714,,,,12442115-1037075,6121-301-3-0091-0189,STAR,gri,,191.08815800000002,-10.618762,-4.0,3.0,1.0,3.0,,,,,,,21.47,0.13699999999999998,18.487000000000002,0.008,17.042,0.005,16.215999999999998,0.005,15.811,0.006999999999999999,14.507,0.037000000000000005,13.745999999999999,0.03,13.582,0.045,,,,,,,,,16.897000000000002,,,,,,,,,,,,,,,,,0.02663,,AAA-222-111-000-0-0,43.4,21.35711543,14.48774651,13.5737447,16.98115045,18.399041110000002,13.7337502
32982,228716383,,,,12261550-1031546,,STAR,JHK,,186.56462199999999,-10.531852,,,,,,,,,,,,,,,,,,,,,14.584000000000001,0.079,13.815,0.09300000000000001,13.587,0.087,,,,,,,,,16.928,,,,,,,,,,,,,,,,,0.01659,0794-0239039,AAA-222-111-000-0-0,23.3,,14.57200543,13.5818571,,,13.8073686
33632,228717033,,,,12173618-1029572,,STAR,JHK,,184.400782,-10.499234,,,,,,,,,,,,,,,,,,,,,14.904000000000002,0.036000000000000004,14.142999999999999,0.051,13.895999999999999,0.061,,,,,,,,,17.276,,,,,,,,,,,,,,,,,0.02845,0795-0237764,AAA-222-111-000-0-0,68.6,,14.883430650000001,13.8871805,,,14.129912999999998
33710,228717111,,,,12274644-1029419,,STAR,J,,186.943538,-10.494985,,,,,,,,,,,,,,,,,,,,,14.913,0.064,14.163,0.061,13.827,0.066,,,,,,,,,16.327,,,,,,,,,,,,,,,,,0.0297,0795-0239834,AAA-222-111-000-0-0,21.6,,14.8915269,13.817793,,,14.149338
36530,228719931,,,,12434663-1021219,6005-301-4-0094-0289,STAR,gri,,190.944315,-10.3561,-4.0,3.0,-6.0,3.0,,,,,,,21.368000000000002,0.107,18.65,0.008,17.234,0.005,16.014,0.005,15.360999999999999,0.006,13.999,0.03,13.262,0.027000000000000003,13.037,0.034,,,,,,,,,16.805,,,,,,,,,,,,,,,,,0.01488,,AAA-222-111-000-0-0,65.5,21.30492368,13.988241760000001,13.0323872,17.1999992,18.60085136,13.2551552
38813,228722214,,,399-052644,12501951-1014359,,STAR,JHK,,192.581291,-10.243277,1.3,4.3,2.0,3.9,,,,,,,,,,,,,,,,,14.319,0.036000000000000004,13.535,0.03,13.478,0.044000000000000004,,,,,,,,,16.515,,,,,,,,,,,,,,,,,0.02131,,AAA-222-111-000-0-0,85.7,,14.303592870000001,13.471393899999999,,,13.5251974
45583,228728984,,,,12035655-0954531,,STAR,JHK,,180.985632,-9.914774000000001,,,,,,,,,,,,,,,,,,,,,14.592,0.04,13.839,0.026000000000000002,13.554,0.043,,,,,,,,,17.043,,,,,,,,,,,,,,,,,0.03291,0800-0236150,AAA-222-111-000-0-0,50.4,,14.56820607,13.5437979,,,13.8238614
46125,228729526,,,,12315097-0953156,,STAR,JHK,,187.962392,-9.887688,,,,,,,,,,,,,,,,,,,,,14.95,0.051,14.194,0.038,13.964,0.057,,,,,,,,,17.267,,,,,,,,,,,,,,,,,0.03003,0801-0249160,AAA-222-111-000-0-0,20.2,,14.92828831,13.9546907,,,14.180186200000001
46655,228730056,,,,12325987-0951467,,STAR,J,,188.249469,-9.862999,,,,,,,,,,,,,,,,,,,,,15.046,0.048,14.32,0.045,14.002,0.07200000000000001,,,,,,,,,16.47,,,,,,,,,,,,,,,,,0.01656,0801-0249507,AAA-222-111-000-0-0,95.1,,15.03402712,13.9968664,,,14.3123824
47543,228730944,,,401-054372,12490160-0949143,6005-301-1-0098-0226,STAR,gri,,192.256662,-9.820664,-2.6,3.8,3.3,4.7,,,17.122,0.07,15.655,0.01,,,16.455,0.05,15.157,0.03,14.589,0.13,,,13.06,0.027000000000000003,12.274000000000001,0.026000000000000002,12.120999999999999,0.024,,,,,,,,,15.149000000000001,,,,,,,,,,,,,,,,,0.01644,,AAA-222-111-000-0-0,26.3,,13.04811388,12.1159036,15.1194346,16.400698679999998,12.266437600000001
49708,228733109,,,,12053222-0942407,,STAR,J,,181.38425,-9.711319999999999,,,,,,,,,,,,,,,,,,,,,14.845999999999998,0.063,14.107999999999999,0.064,13.808,0.062,,,,,,,,,16.254,,,,,,,,,,,,,,,,,0.03837,0802-0247358,AAA-222-111-000-0-0,52.1,,14.818258489999998,13.7961053,,,14.090349799999998
50164,228733565,,,,12161501-0941188,,STAR,JHK,,184.062572,-9.68856,,,,,,,,,,,,,,,,,,,,,14.682,0.040999999999999995,13.927,0.035,13.68,0.054000000000000006,,,,,,,,,17.039,,,,,,,,,,,,,,,,,0.04774,0803-0251692,AAA-222-111-000-0-0,65.8,,14.64748398,13.6652006,,,13.9050396
50409,228733810,,,,12184618-0940376,,STAR,JHK,,184.692451,-9.677124000000001,,,,,,,,,,,,,,,,,,,,,14.244000000000002,0.037000000000000005,13.462,0.027999999999999997,13.26,0.043,,,,,,,,,16.555999999999997,,,,,,,,,,,,,,,,,0.03265,0803-0252338,AAA-222-111-000-0-0,9.3,,14.220394050000001,13.2498785,,,13.446981
51540,228734941,,,,12300111-0937249,,STAR,J,,187.504663,-9.623603999999998,,,,,,,,,,,,,,,,,,,,,14.735,0.071,14.005,0.09699999999999999,13.698,0.076,,,,,,,,,16.134,,,,,,,,,,,,,,,,,0.01478,0803-0256515,AAA-222-111-000-0-0,10.6,,14.72431406,13.6934182,,,13.9982012
53876,228737277,,,,12553191-0930366,,STAR,JHK,,193.882992,-9.510183,,,,,,,,,,,,,,,,,,,,,14.96,0.049,14.216,0.048,13.994000000000002,0.059000000000000004,,,,,,,,,17.48,,,,,,,,,,,,,,,,,0.03198,0804-0262196,AAA-222-111-000-0-0,4.8,,14.93687846,13.984086200000002,,,14.2012892
55432,228738833,,,,12425612-0926085,6121-301-4-0099-0266,STAR,gri,,190.733856,-9.435721000000001,-1.0,2.0,3.0,2.0,,,,,,,20.495,0.069,17.706,0.006,16.599,0.005,16.135,0.005,15.880999999999998,0.006999999999999999,14.708,0.044000000000000004,13.897,0.036000000000000004,13.772,0.055,,,,,,,,,16.605999999999998,,,,,,,,,,,,,,,,,0.03297,,AAA-222-111-000-0-0,16.1,20.355240170000002,14.68416269,13.7617793,16.523663550000002,17.597100089999998,13.8818338
55623,228739024,,,,12530131-0925382,,STAR,JHK,,193.255475,-9.427292999999999,,,,,,,,,,,,,,,,,,,,,14.567,0.039,13.81,0.035,13.610999999999999,0.05,,,,,,,,,16.812,,,,,,,,,,,,,,,,,0.03051,0805-0258715,AAA-222-111-000-0-0,16.7,,14.54494127,13.601541899999999,,,13.7959654
57454,228740855,,,,11581041-0920299,,STAR,JHK,,179.54339099999999,-9.341642,,,,,,,,,,,,,,,,,,,,,14.921,0.045,14.190999999999999,0.044000000000000004,13.929,0.057999999999999996,,,,,,,,,17.464000000000002,,,,,,,,,,,,,,,,,0.01454,0806-0241061,AAA-222-111-000-0-0,36.6,,14.91048758,13.9244926,,,14.1843116
57965,228741366,,,,12013447-0919038,,STAR,JHK,,180.393665,-9.317725999999999,,,,,,,,,,,,,,,,,,,,,14.763,0.034,13.988,0.044000000000000004,13.886,0.052000000000000005,,,,,,,,,16.833,,,,,,,,,,,,,,,,,0.0449,0806-0241683,AAA-222-111-000-0-0,7.7,,14.7305373,13.872081,,,13.967346
58716,228742117,,,404-054758,12554690-0916560,,STAR,BV,,193.945474,-9.282257000000001,-2.7,4.8,2.5,4.8,,,18.3,0.33,16.708,0.08800000000000001,,,17.531,0.084,,,,,,,14.18,0.036000000000000004,13.404000000000002,0.032,13.265,0.037000000000000005,,,,,,,,,16.379,,,,,,,,,,,,,,,,,0.02533,,AAA-222-111-000-0-0,71.6,,14.16168641,13.2571477,,17.44733501,13.392348200000002
60317,228743718,,,,12092953-0912333,,STAR,JHK,,182.373069,-9.209274,,,,,,,,,,,,,,,,,,,,,14.661,0.067,13.884,0.083,13.674000000000001,0.065,,,,,,,,,16.98,,,,,,,,,,,,,,,,,0.05771,0807-0241132,AAA-222-111-000-0-0,23.1,,14.61927567,13.6561099,,,13.8574534
60635,228744036,,,,12275897-0911341,,STAR,JHK,,186.995735,-9.192821,,,,,,,,,,,,,,,,,,,,,14.727,0.034,13.932,0.04,13.807,0.053,,,,,,,,,16.889,,,,,,,,,,,,,,,,,0.01694,0808-0244798,AAA-222-111-000-0-0,37.9,,14.71475238,13.8017486,,,13.9242076
61530,228744931,,,405-055688,12463755-0909039,6121-301-2-0101-0187,STAR,JHK,,191.656501,-9.151102,0.2,5.3,1.2,5.3,,,,,,,,,,,,,,,,,13.794,0.027999999999999997,13.064,0.028999999999999998,12.802999999999999,0.023,,,,,,,,,16.337,,,,,,,,,,,,,,,,,0.01658,,AAA-222-111-000-0-0,57.7,,13.782012660000001,12.797860199999999,,,13.0563732
62120,228745521,,,405-055484,12390772-0907223,,STAR,JHK,,189.782202,-9.122795,5.1,5.4,3.5,6.1,,,,,,,,,,,,,,,,,14.345,0.03,13.539000000000001,0.024,13.350999999999999,0.031,,,,,,,,,16.682000000000002,,,,,,,,,,,,,,,,,0.02309,,AAA-222-111-000-0-0,62.2,,14.32830593,13.3438421,,,13.528378600000002
63812,228747213,,,,12534232-0902479,,STAR,JHK,,193.426346,-9.046645,,,,,,,,,,,,,,,,,,,,,14.234000000000002,0.027999999999999997,13.481,0.036000000000000004,13.287,0.040999999999999995,,,,,,,,,16.458,,,,,,,,,,,,,,,,,0.02647,0809-0250260,AAA-222-111-000-0-0,16.5,,14.214862190000002,13.278794300000001,,,13.4688238
65480,228748881,,,406-055923,12370246-0858224,,STAR,JHK,,189.260277,-8.972897,-4.9,8.6,-3.9,8.7,,,,,,,,,,,,,,,,,14.538,0.04,13.763,0.039,13.526,0.05,,,,,,,,,16.92,,,,,,,,,,,,,,,,,0.01801,,AAA-222-111-000-0-0,22.7,,14.52497877,13.520416899999999,,,13.7547154
69559,228752960,,,407-055428,12462516-0847348,6121-301-2-0104-0104,STAR,JHK,,191.604856,-8.79306,-2.5,3.6,0.6,4.7,,,,,,,,,,,,,,,,,13.15,0.023,12.383,0.025,12.255999999999998,0.03,,,,,,,,,15.255999999999998,,,,,,,,,,,,,,,,,0.01628,,AAA-222-111-000-0-0,48.5,,13.138229560000001,12.250953199999998,,,12.375511199999998
70727,228754128,,,,12431807-0844277,6121-301-4-0104-0271,STAR,gri,,190.825292,-8.741042,2.0,3.0,-7.0,3.0,,,,,,,20.93,0.09300000000000001,18.247,0.006999999999999999,16.889,0.005,16.3,0.005,15.979000000000001,0.008,14.814,0.028999999999999998,14.047,0.044000000000000004,13.918,0.071,,,,,,,,,16.884,,,,,,,,,,,,,,,,,0.02859,,AAA-222-111-000-0-0,41.8,20.80880699,14.79332943,13.909137099999999,16.82367185,18.15256723,14.0338486
71624,228755025,,,,12233883-0842005,,STAR,JHK,,185.911814,-8.700144,,,,,,,,,,,,,,,,,,,,,14.6,0.039,13.828,0.031,13.573,0.043,,,,,,,,,17.021,,,,,,,,,,,,,,,,,0.02582,0812-0249444,AAA-222-111-000-0-0,20.8,,14.581332139999999,13.5649958,,,13.816122799999999
72087,228755488,,,407-054819,12243719-0840437,,STAR,gri,,186.154945,-8.678821000000001,-7.6,3.5,2.5,4.1,,,18.012999999999998,0.23,16.543,0.07,,,17.36,0.08,15.95,0.05,15.350999999999999,0.10400000000000001,,,13.931,0.032,13.116,0.03,12.972999999999999,0.03,,,,,,,,,15.954,,,,,,,,,,,,,,,,,0.02856,,AAA-222-111-000-0-0,28.0,,13.91035112,12.964146399999999,15.8847404,17.26566632,13.1028624
75136,228758537,,,,12204563-0832474,,STAR,JHK,,185.19014199999998,-8.546510000000001,,,,,,,,,,,,,,,,,,,,,14.472000000000001,0.03,13.75,0.025,13.501,0.039,,,,,,,,,16.998,,,,,,,,,,,,,,,,,0.02271,0814-0250075,AAA-222-111-000-0-0,99.2,,14.455580670000002,13.4939599,,,13.7395534
77932,228761333,,,,12443968-0825174,6121-301-3-0106-0276,STAR,gri,,191.165352,-8.42152,-5.0,3.0,-7.0,3.0,,,,,,,21.024,0.09300000000000001,18.202,0.006999999999999999,16.939,0.005,16.382,0.005,16.043,0.008,14.91,0.039,14.18,0.045,13.904000000000002,0.066,,,,,,,,,16.928,,,,,,,,,,,,,,,,,0.02416,,AAA-222-111-000-0-0,33.1,20.92158576,14.89253232,13.896510400000002,16.8837944,18.122199520000002,14.1688864
81169,228764570,,,,12191239-0816533,,STAR,JHK,,184.80163000000002,-8.281496,,,,,,,,,,,,,,,,,,,,,14.883,0.034,14.139000000000001,0.037000000000000005,13.939,0.054000000000000006,,,,,,,,,17.367,,,,,,,,,,,,,,,,,0.01396,0817-0279120,AAA-222-111-000-0-0,29.0,,14.872906919999998,13.9346724,,,14.132578400000002
81322,228764723,,,409-054224,12222784-0816298,,STAR,JHK,,185.615972,-8.274965,-8.1,4.3,-0.8,2.6,,,,,,,,,,,,,,,,,13.385,0.027000000000000003,12.539000000000001,0.022000000000000002,12.335,0.027000000000000003,,,,,,,,,15.868,,,,,,,,,,,,,,,,,0.03294,,AAA-222-111-000-0-0,18.4,,13.36118438,12.324788600000002,,,12.523847600000002
83776,228767177,,,,12142022-0810046,,STAR,JHK,,183.584253,-8.167957000000001,,,,,,,,,,,,,,,,,,,,,14.985999999999999,0.08199999999999999,14.227,0.087,13.909,0.106,,,,,,,,,17.545,,,,,,,,,,,,,,,,,0.01767,0818-0286784,AAA-222-111-000-0-0,51.1,,14.97322459,13.9035223,,,14.2188718
84724,228768125,,,,12320840-0807412,,STAR,JHK,,188.035023,-8.128114,,,,,,,,,,,,,,,,,,,,,14.700999999999999,0.096,13.984000000000002,0.115,13.71,0.1,,,,,,,,,17.244,,,,,,,,,,,,,,,,,0.0177,0818-0291746,ABA-222-111-000-0-0,22.8,,14.688202899999999,13.704513,,,13.975858000000002
90465,228773866,,,,12413543-0752553,6121-301-5-0109-0205,STAR,gri,,190.397653,-7.882032000000001,5.0,3.0,5.0,3.0,,,,,,,20.853,0.079,18.149,0.006999999999999999,16.827,0.005,16.227999999999998,0.005,15.897,0.006999999999999999,14.819,0.039,14.08,0.042,13.807,0.055,,,,,,,,,16.804000000000002,,,,,,,,,,,,,,,,,0.02014,,AAA-222-111-000-0-0,37.4,20.767626540000002,14.804438780000002,13.8007566,16.7809801,18.082477580000003,14.0707356
92470,228775871,,,,12184046-0747453,,STAR,JHK,,184.66861200000002,-7.795942999999999,,,,,,,,,,,,,,,,,,,,,14.888,0.039,14.149000000000001,0.035,13.947000000000001,0.054000000000000006,,,,,,,,,17.366,,,,,,,,,,,,,,,,,0.01643,0822-0303605,AAA-222-111-000-0-0,35.2,,14.87612111,13.9419067,,,14.1414422
93098,228776499,,,,12163469-0746203,,STAR,JHK,,184.144547,-7.7723070000000005,,,,,,,,,,,,,,,,,,,,,14.759,0.042,13.99,0.04,13.767999999999999,0.055,,,,,,,,,17.088,,,,,,,,,,,,,,,,,0.02542,0822-0303170,AAA-222-111-000-0-0,32.0,,14.74062134,13.760119799999998,,,13.9783068
95061,228778462,,,,12054616-0741141,,STAR,J,,181.44236899999999,-7.687263000000001,,,,,,,,,,,,,,,,,,,,,14.831,0.077,14.106,0.09,13.783,0.077,,,,,,,,,16.238,,,,,,,,,,,,,,,,,0.01587,0823-0299321,AAA-222-111-000-0-0,36.0,,14.819525989999999,13.7780803,,,14.0986998
97256,228780657,,,,12323079-0735201,,STAR,J,,188.128305,-7.588928999999999,6.0,0.0,-8.0,4.0,,,,,,,,,,,,,,,,,14.569,0.035,13.838,0.037000000000000005,13.543,0.044000000000000004,,,,,,,,,15.955,,,,,,,,,,,,,,,,,0.01372,0824-0303260,AAA-222-111-000-0-0,30.9,,14.55908044,13.538746799999998,,,13.831688799999998
101050,228784451,,,413-056032,12004916-0725338,,STAR,gri,,180.204858,-7.4261029999999995,-2.4,3.9,-2.3,3.4,,,17.437,0.11,15.652999999999999,0.057,,,16.5,0.02,15.145,0.02,14.453,0.08,,,13.380999999999998,0.03,12.616,0.025,12.485,0.03,,,,,,,,,15.067,,,,,,,,,,,,,,,,,0.01113,,AAA-222-111-000-0-0,8.3,,13.372953009999998,12.481549699999999,15.11956795,16.46323761,12.6108802
102090,228785491,,,,12260252-0722595,,STAR,JHK,,186.510539,-7.383215,,,,,,,,,,,,,,,,,,,,,14.610999999999999,0.034,13.876,0.040999999999999995,13.655999999999999,0.054000000000000006,,,,,,,,,17.115,,,,,,,,,,,,,,,,,0.01617,0826-0306176,AAA-222-111-000-0-0,15.3,,14.599309089999998,13.650987299999999,,,13.8685618
102888,228786289,,,,12335669-0720522,,STAR,JHK,,188.486232,-7.3478580000000004,,,,,,,,,,,,,,,,,,,,,14.64,0.04,13.888,0.036000000000000004,13.605,0.055999999999999994,,,,,,,,,17.083,,,,,,,,,,,,,,,,,0.0225,0826-0309079,AAA-222-111-000-0-0,53.2,,14.623732500000001,13.598025,,,13.87765
103450,228786851,,,,12422796-0719306,6005-301-5-0114-0226,STAR,gri,,190.61651,-7.32517,-7.0,3.0,8.0,3.0,,,,,,,21.381999999999998,0.092,18.883,0.009000000000000001,17.458,0.006,16.482,0.005,15.959000000000001,0.006999999999999999,14.67,0.039,13.885,0.033,13.743,0.051,,,,,,,,,17.202,,,,,,,,,,,,,,,,,0.02091,,AAA-222-111-000-0-0,41.9,21.293362509999998,14.65488207,13.7365179,17.41022065,18.81393427,13.8753814
104958,228788359,,,,11583988-0715399,,STAR,JHK,,179.666198,-7.261102,8.0,4.0,4.0,1.0,,,,,,,,,,,,,,,,,14.979000000000001,0.073,14.198,0.075,13.882,0.076,,,,,,,,,17.596,,,,,,,,,,,,,,,,,0.02109,0827-0303900,AAA-222-111-000-0-0,63.3,,14.96375193,13.8754621,,,14.1882986
105636,228789037,,,414-054770,12384861-0714029,,STAR,JHK,,189.702478,-7.234083999999999,0.3,5.4,-4.7,5.4,,,,,,,,,,,,,,,,,13.83,0.036000000000000004,13.062999999999999,0.031,12.93,0.035,,,,,,,,,15.949000000000002,,,,,,,,,,,,,,,,,0.0168,,AAA-222-111-000-0-0,15.8,,13.8178536,12.924792,,,13.055271999999999
108187,228791588,,,415-056535,12534827-0707451,,STAR,gri,,193.451165,-7.1291649999999995,-1.8,2.9,-1.6,3.7,,,,,16.662,0.086,,,17.487000000000002,0.083,16.262999999999998,0.08199999999999999,15.886,0.22,,,14.427999999999999,0.027999999999999997,13.640999999999998,0.033,13.606,0.055999999999999994,,,,,,,,,16.366,,,,,,,,,,,,,,,,,0.0213,,AAA-222-111-000-0-0,28.3,,14.412600099999999,13.599397,16.214329499999998,17.4166461,13.631201999999998
111973,228795374,,,,12172254-0658413,,STAR,JHK,,184.34393500000002,-6.978149,,,,,,,,,,,,,,,,,,,,,14.338,0.067,13.58,0.085,13.255999999999998,0.06,,,,,,,,,16.910999999999998,,,,,,,,,,,,,,,,,0.02195,0830-0289075,AAA-222-111-000-0-0,55.8,,14.32213015,13.249195499999999,,,13.569903
112618,228796019,,,416-055168,11564338-0656583,,STAR,JHK,,179.180847,-6.949635000000001,4.9,20.3,-9.7,19.9,,,,,,,,,,,,,,,,,14.505999999999998,0.033,13.68,0.040999999999999995,13.569,0.052000000000000005,,,,,,,,,16.707,,,,,,,,,,,,,,,,,0.04105,,AAA-222-111-000-0-0,57.7,,14.476320849999999,13.5562745,,,13.661116999999999
120806,228804207,,,,12351033-0636079,,STAR,J,,188.793058,-6.602197,,,,,,,,,,,,,,,,,,,,,14.838,0.052000000000000005,14.105,0.04,13.824000000000002,0.052000000000000005,,,,,,,,,16.245,,,,,,,,,,,,,,,,,0.02084,0833-0263939,AAA-222-111-000-0-0,48.3,,14.82293268,13.817539600000002,,,14.0954136
121350,228804751,,,,12020420-0634475,,STAR,J,,180.517511,-6.579872,,,,,,,,,,,,,,,,,,,,,14.9,0.043,14.165999999999999,0.039,13.886,0.064,,,,,,,,,16.312,,,,,,,,,,,,,,,,,0.01208,0834-0242314,AAA-222-111-000-0-0,53.0,,14.89126616,13.8822552,,,14.160443199999998
123436,228806837,,,,11575980-0629419,,STAR,J,,179.499193,-6.494994,,,,,,,,,,,,,,,,,,,,,14.647,0.084,13.897,0.109,13.613,0.078,,,,,,,,,16.039,,,,,,,,,,,,,,,,,0.01375,0835-0233110,ABA-222-111-000-0-0,39.3,,14.63705875,13.6087375,,,13.890675
124177,228807578,,,,12541132-0627490,,STAR,JHK,,193.54718400000002,-6.463617,,,,,,,,,,,,,,,,,,,,,14.064,0.038,13.35,0.033,13.08,0.043,,,,,,,,,16.602999999999998,,,,,,,,,,,,,,,,,0.0108,0835-0243093,AAA-222-111-000-0-0,50.9,,14.0561916,13.076652,,,13.345032
125839,228809240,,,,12593866-0623294,,STAR,JHK,,194.911112,-6.391526,,,,,,,,,,,,,,,,,,,,,14.857999999999999,0.037000000000000005,14.120999999999999,0.039,13.866,0.057,,,,,,,,,17.401,,,,,,,,,,,,,,,,,0.01815,0836-0245062,AAA-222-111-000-0-0,73.6,,14.84487755,13.8603735,,,14.112650999999998
129842,228813243,,,419-055399,12323886-0613317,,STAR,JHK,,188.161847,-6.225459,-8.3,5.4,-4.8,5.4,,,,,,,,,,,,,,,,,14.595999999999998,0.028999999999999998,13.815999999999999,0.042,13.658,0.05,,,,,,,,,16.799,,,,,,,,,,,,,,,,,0.02881,,AAA-222-111-000-0-0,41.4,,14.575170369999999,13.6490689,,,13.8027474
130526,228813927,,,,12371386-0611412,,STAR,J,,189.307763,-6.194783,,,,,,,,,,,,,,,,,,,,,14.86,0.036000000000000004,14.118,0.035,13.815,0.053,,,,,,,,,16.269000000000002,,,,,,,,,,,,,,,,,0.03389,0838-0241205,AAA-222-111-000-0-0,49.1,,14.83549753,13.8044941,,,14.1024106
130582,228813983,,,420-055443,11555383-0611345,,STAR,JHK,,178.974285,-6.192945,,,,,,,,,,,,,,,,,,,,,13.927,0.055999999999999994,13.065,0.040999999999999995,12.885,0.038,,,,,,,,,16.387999999999998,,,,,,,,,,,,,,,,,0.01085,0838-0234032,AAA-222-111-cc0-0-0,6.9,,13.91915545,12.881636499999999,,,13.060008999999999
131592,228814993,,,,12192594-0609110,,STAR,JHK,,184.85808600000001,-6.153072,2.0,5.0,6.0,0.0,,,,,,,,,,,,,,,,,14.704,0.036000000000000004,13.937000000000001,0.049,13.795,0.057,,,,,,,,,16.842,,,,,,,,,,,,,,,,,0.02063,0838-0238121,AAA-222-111-000-0-0,65.4,,14.68908451,13.7886047,,,13.9275102
133739,228817140,,,420-055371,11530123-0603539,,STAR,gri,,178.255227,-6.064975,6.1,5.7,-1.8,5.4,,,16.203,0.06,15.218,0.09,,,15.651,0.05,14.868,0.04,14.478,0.07,,,13.764000000000001,0.068,13.02,0.081,12.682,0.059000000000000004,,,,,,,,,14.83,,,,,,,,,,,,,,,,,0.02119,,AAA-222-111-000-1-0,80.6,,13.748679630000002,12.6754311,14.81958085,15.58100943,13.0102526
135880,228819281,,,421-056109,11545531-0558327,,STAR,J,,178.730448,-5.975757,-0.3,7.9,-9.1,7.7,,,,,,,,,,,,,,,,,14.534,0.052000000000000005,13.787,0.063,13.507,0.065,,,,,,,,,15.917,,,,,,,,,,,,,,,,,0.02836,,AAA-222-111-000-0-0,20.1,,14.51349572,13.4982084,,,13.773954400000001
136506,228819907,,,,12384048-0556495,,STAR,JHK,,189.668686,-5.947101,,,,,,,,,,,,,,,,,,,,,15.011,0.044000000000000004,14.257,0.049,13.998,0.07200000000000001,,,,,,,,,17.396,,,,,,,,,,,,,,,,,0.0132,0840-0243907,AAA-222-111-000-0-0,26.9,,15.001456399999999,13.993908,,,14.250928
139013,228822414,,,,11542534-0550195,,STAR,JHK,,178.605611,-5.838773000000001,,,,,,,,,,,,,,,,,,,,,14.549000000000001,0.036000000000000004,13.777000000000001,0.031,13.607000000000001,0.05,,,,,,,,,16.761,,,,,,,,,,,,,,,,,0.02056,0841-0234847,AAA-222-111-000-0-0,73.6,,14.534135120000002,13.600626400000001,,,13.767542400000002
140302,228823703,,,422-054949,11591608-0547163,,STAR,gri,,179.81698400000002,-5.78789,1.4,6.1,-3.2,5.5,,,18.037,0.1,16.721,0.06,,,17.324,0.02,16.271,0.08199999999999999,15.815,0.124,,,14.38,0.027000000000000003,13.6,0.031,13.449000000000002,0.037000000000000005,,,,,,,,,16.268,,,,,,,,,,,,,,,,,0.0153,,AAA-222-111-000-0-0,23.8,,14.368938100000001,13.444257000000002,16.2360395,17.2734641,13.592962
140384,228823785,,,422-056017,12421827-0547061,,STAR,gri,,190.57628300000002,-5.785037,1.5,5.3,-2.7,5.1,,,16.654,0.06,15.527999999999999,0.03,,,15.984000000000002,0.04,15.181,0.04,14.757,0.05,,,13.685,0.055999999999999994,12.935,0.063,12.607999999999999,0.048,,,,,,,,,15.125,,,,,,,,,,,,,,,,,0.01441,,AAA-222-111-000-1-0,30.9,,13.67458157,12.6035329,15.148073149999998,15.936403770000002,12.9283714
141225,228824626,,,,12391380-0545042,,STAR,J,,189.807512,-5.75119,,,,,,,,,,,,,,,,,,,,,13.935,0.028999999999999998,13.207,0.033,12.925999999999998,0.035,,,,,,,,,15.277999999999999,,,,,,,,,,,,,,,,,0.01649,0842-0241255,AAA-222-111-000-0-0,40.8,,13.923077730000001,12.920888099999999,,,13.1994146
141903,228825304,,,,12212843-0543259,,STAR,JHK,,185.368476,-5.723877,,,,,,,,,,,,,,,,,,,,,14.798,0.051,14.059000000000001,0.067,13.857999999999999,0.062,,,,,,,,,17.274,,,,,,,,,,,,,,,,,0.01351,0842-0238349,AAA-222-111-000-0-0,53.4,,14.78823227,13.853811899999998,,,14.052785400000001
142093,228825494,,,,12184685-0542590,,STAR,JHK,,184.695248,-5.716391000000001,,,,,,,,,,,,,,,,,,,,,15.002,0.078,14.25,0.098,13.962,0.092,,,,,,,,,17.458,,,,,,,,,,,,,,,,,0.02559,0842-0237875,AAA-222-111-000-0-0,31.5,,14.983498430000001,13.9540671,,,14.2382286
143425,228826826,,,,12152349-0539415,,STAR,JHK,,183.847911,-5.661541000000001,,,,,,,,,,,,,,,,,,,,,14.889000000000001,0.043,14.179,0.036000000000000004,13.892000000000001,0.043,,,,,,,,,17.434,,,,,,,,,,,,,,,,,0.01678,0843-0237935,AAA-222-111-000-0-0,73.7,,14.876868060000001,13.886798200000001,,,14.171281200000001
143820,228827221,,,,11551260-0538389,,STAR,J,,178.802539,-5.64416,,,,,,,,,,,,,,,,,,,,,14.421,0.036000000000000004,13.677999999999999,0.032,13.360999999999999,0.043,,,,,,,,,15.796,,,,,,,,,,,,,,,,,0.01297,0843-0234395,AAA-222-111-000-0-0,72.1,,14.41162269,13.356979299999999,,,13.6720338
143901,228827302,,,,12114442-0538270,,STAR,JHK,,182.935124,-5.640842,-4.0,1.0,0.0,8.0,,,,,,,,,,,,,,,,,14.805,0.032,14.023,0.035,13.908,0.055,,,,,,,,,16.917,,,,,,,,,,,,,,,,,0.01436,0843-0237226,AAA-222-111-000-0-0,12.9,,14.79461772,13.9035484,,,14.0163944
144757,228828158,,,,12132928-0536199,,STAR,JHK,,183.372024,-5.605549,8.0,3.0,-8.0,1.0,,,,,,,,,,,,,,,,,14.527999999999999,0.028999999999999998,13.793,0.032,13.579,0.051,,,,,,,,,17.022000000000002,,,,,,,,,,,,,,,,,0.01819,0843-0237535,AAA-222-111-000-0-0,11.2,,14.51484863,13.573361100000001,,,13.7846326
145083,228828484,,,,12303654-0535267,,STAR,JHK,,187.652282,-5.590763,0.0,7.0,6.0,1.0,,,,,,,,,,,,,,,,,14.677999999999999,0.038,13.925999999999998,0.036000000000000004,13.725999999999999,0.055,,,,,,,,,16.913,,,,,,,,,,,,,,,,,0.02004,0844-0237376,AAA-222-111-000-0-0,33.9,,14.66351108,13.719787599999998,,,13.916781599999998
147031,228830432,,,423-058006,12333644-0530326,,STAR,gri,,188.401982,-5.509171,8.1,4.0,-5.9,4.1,,,18.003,0.14300000000000002,16.334,0.075,,,17.459,0.06,16.016,0.075,15.433,0.107,,,13.737,0.024,12.954,0.028999999999999998,12.767999999999999,0.033,,,,,,,,,16.041,,,,,,,,,,,,,,,,,0.02974,,AAA-222-111-000-0-0,35.5,,13.71549798,12.7587806,15.948044099999999,17.36076878,12.9403196
147663,228831064,,,,11590351-0529066,,STAR,JHK,,179.76463,-5.485181,-8.0,1.0,2.0,2.0,,,,,,,,,,,,,,,,,14.925999999999998,0.038,14.13,0.039,13.853,0.05,,,,,,,,,17.473,,,,,,,,,,,,,,,,,0.01434,0845-0234021,AAA-222-111-000-0-0,64.8,,14.915632179999998,13.8485546,,,14.123403600000001
150308,228833709,,,,12593021-0522353,,STAR,JHK,,194.875915,-5.376494,,,,,,,,,,,,,,,,,,,,,14.032,0.034,13.314,0.028999999999999998,13.039000000000001,0.035,,,,,,,,,16.576,,,,,,,,,,,,,,,,,0.02554,0846-0245152,AAA-222-111-000-0-0,40.2,,14.01353458,13.031082600000001,,,13.3022516
151476,228834877,,,,11590971-0519280,,STAR,JHK,,179.790468,-5.324469000000001,,,,,,,,,,,,,,,,,,,,,14.725999999999999,0.033,13.942,0.035,13.722999999999999,0.048,,,,,,,,,17.085,,,,,,,,,,,,,,,,,0.01829,0846-0234713,AAA-222-111-000-0-0,32.7,,14.712776329999999,13.7173301,,,13.9335866
152647,228836048,,,,13024538-0516423,,STAR,JHK,,195.689123,-5.278443,-8.0,2.0,8.0,2.0,,,,,,,,,,,,,,,,,14.564,0.033,13.79,0.033,13.647,0.045,,,,,,,,,16.72,,,,,,,,,,,,,,,,,0.01445,0847-0246839,AAA-222-111-000-0-0,22.1,,14.55355265,13.6425205,,,13.783353
152851,228836252,,,,12383894-0516148,,STAR,JHK,,189.66227800000001,-5.270782,-2.0,4.0,-8.0,1.0,,,,,,,,,,,,,,,,,14.854000000000001,0.04,14.100999999999999,0.037000000000000005,13.872,0.055,,,,,,,,,17.160999999999998,,,,,,,,,,,,,,,,,0.01983,0847-0241865,AAA-222-111-000-0-0,42.2,,14.839662910000001,13.8658527,,,14.091878199999998
153408,228836809,,,424-056242,12183906-0514446,,STAR,JHK,,184.66286599999998,-5.2457709999999995,-2.0,8.7,0.9,8.2,,,,,,,,,,,,,,,,,13.849,0.03,13.071,0.028999999999999998,12.925,0.036000000000000004,,,,,,,,,16.02,,,,,,,,,,,,,,,,,0.01122,,AAA-222-111-000-0-0,54.9,,13.84088794,12.9215218,,,13.0658388
153716,228837117,,,424-056843,12421831-0513573,6121-301-5-0127-0219,STAR,JHK,,190.576348,-5.2325870000000005,-0.1,6.2,-2.7,6.3,,,,,,,,,,,,,,,,,14.397,0.027000000000000003,13.6,0.03,13.387,0.043,,,,,,,,,16.774,,,,,,,,,,,,,,,,,0.0113,,AAA-222-111-000-0-0,48.1,,14.3888301,13.383497,,,13.594802
153835,228837236,,,,12341325-0513394,,STAR,JHK,,188.55521399999998,-5.227622,,,,,,,,,,,,,,,,,,,,,14.742,0.036000000000000004,13.985999999999999,0.033,13.838,0.057999999999999996,,,,,,,,,16.869,,,,,,,,,,,,,,,,,0.01216,0847-0241061,AAA-222-111-000-0-0,36.3,,14.733208320000001,13.8342304,,,13.9804064
154216,228837617,,,,12101438-0512440,,STAR,JHK,,182.559958,-5.212234,,,,,,,,,,,,,,,,,,,,,14.960999999999999,0.039,14.200999999999999,0.039,13.994000000000002,0.06,,,,,,,,,17.232,,,,,,,,,,,,,,,,,0.02634,0847-0237097,AAA-222-111-000-0-0,98.3,,14.941956179999998,13.985834600000002,,,14.188883599999999
155348,228838749,,,425-056339,12040276-0509433,,STAR,gri,,181.011523,-5.162077,3.0,11.2,0.9,10.3,,,16.72,0.06,15.624,0.03,,,16.14,0.08,15.335,0.07,14.769,0.086,,,14.125,0.071,13.397,0.09300000000000001,13.142000000000001,0.062,,,,,,,,,15.18,,,,,,,,,,,,,,,,,0.01516,,AAA-222-111-000-1-0,52.9,,14.11403932,13.1373004,15.300359400000001,16.089926520000002,13.3900264
158924,228842325,,,,12131198-0500546,,STAR,JHK,,183.299941,-5.015185,,,,,,,,,,,,,,,,,,,,,14.572000000000001,0.028999999999999998,13.81,0.033,13.565999999999999,0.042,,,,,,,,,16.939,,,,,,,,,,,,,,,,,0.01811,0849-0236453,AAA-222-111-000-0-0,93.0,,14.55890647,13.560385899999998,,,13.8016694
159757,228843158,,,426-057517,13000882-0458488,,STAR,gri,,195.0368,-4.980198000000001,0.0,4.1,-2.3,4.7,,,17.285,0.07,15.817,0.14,,,16.423,0.02,15.357999999999999,0.12,14.784,0.12,,,13.387,0.027999999999999997,12.617,0.026000000000000002,12.478,0.026000000000000002,,,,,,,,,15.276,,,,,,,,,,,,,,,,,0.01747,,AAA-222-111-000-0-0,27.6,,13.374369190000001,12.4725843,15.318081049999998,16.36529659,12.608963800000001
160070,228843471,,,,11555681-0458037,,STAR,JHK,,178.986724,-4.967708999999999,,,,,,,,,,,,,,,,,,,,,14.93,0.039,14.183,0.040999999999999995,13.978,0.051,,,,,,,,,17.429000000000002,,,,,,,,,,,,,,,,,0.03096,0850-0233655,AAA-222-111-000-0-0,75.9,,14.90761592,13.9684024,,,14.1687584
163661,228847062,,,,12294164-0448539,,STAR,JHK,,187.423505,-4.81499,,,,,,,,,,,,,,,,,,,,,14.735999999999999,0.035,13.979000000000001,0.039,13.713,0.059000000000000004,,,,,,,,,17.147000000000002,,,,,,,,,,,,,,,,,0.021,0851-0237473,AAA-222-111-000-0-0,37.5,,14.720816999999998,13.706489999999999,,,13.96934
166790,228850191,,,,12323623-0441054,,STAR,JHK,,188.15098600000002,-4.684855000000001,,,,,,,,,,,,,,,,,,,,,14.759,0.037000000000000005,13.958,0.042,13.715,0.053,,,,,,,,,17.226,,,,,,,,,,,,,,,,,0.00991,0853-0235656,AAA-222-111-000-0-0,20.1,,14.75183507,13.7119279,,,13.9534414
170237,228853638,,,,12341527-0432184,,STAR,JHK,,188.563658,-4.53845,,,,,,,,,,,,,,,,,,,,,14.472999999999999,0.03,13.757,0.03,13.487,0.045,,,,,,,,,17.012999999999998,,,,,,,,,,,,,,,,,0.0236,0854-0237094,AAA-222-111-000-0-0,36.2,,14.4559372,13.479684,,,13.746144
173477,228856878,,,,12211001-0423581,,STAR,JHK,,185.291737,-4.399474,,,,,,,,,,,,,,,,,,,,,15.0,0.084,14.235,0.094,13.954,0.083,,,,,,,,,17.472,,,,,,,,,,,,,,,,,0.02032,0856-0234463,AAA-222-111-000-0-0,77.6,,14.98530864,13.9477008,,,14.225652799999999
174701,228858102,,,,12070365-0420512,,STAR,JHK,,181.765233,-4.347565,,,,,,,,,,,,,,,,,,,,,14.675999999999998,0.076,13.92,0.08,13.595999999999998,0.076,,,,,,,,,17.243,,,,,,,,,,,,,,,,,0.01923,0856-0232048,AAA-222-111-000-0-0,25.7,,14.662096709999998,13.5900387,,,13.9111542
177918,228861319,,,,12005666-0412503,,STAR,JHK,,180.236089,-4.213983,8.0,2.0,-6.0,2.0,,,,,,,,,,,,,,,,,14.497,0.03,13.765,0.027999999999999997,13.52,0.04,,,,,,,,,17.03,,,,,,,,,,,,,,,,,0.02479,0857-0229024,AAA-222-111-000-0-0,64.2,,14.47907683,13.5123151,,,13.7535966
186600,228870001,,,431-056036,12144672-0350329,,STAR,JHK,,183.69471399999998,-3.842479,-0.2,3.0,1.9,3.2,,,,,,,,,,,,,,,,,13.647,0.027000000000000003,12.89,0.033,12.7,0.023,,,,,,,,,15.870999999999999,,,,,,,,,,,,,,,,,0.02087,,AAA-222-111-000-0-0,8.1,,13.63191099,12.693530299999999,,,12.880399800000001
187268,228870669,,,,12154929-0348380,,STAR,JHK,,183.955384,-3.8105800000000003,,,,,,,,,,,,,,,,,,,,,14.958,0.036000000000000004,14.197000000000001,0.038,14.001,0.06,,,,,,,,,17.205,,,,,,,,,,,,,,,,,0.02661,0861-0241966,AAA-222-111-000-0-0,23.0,,14.93876097,13.992750899999999,,,14.1847594
199360,228882761,,,,12445529-0334203,,STAR,JHK,,191.230409,-3.57231,,,,,,,,,,,,,,,,,,,,,14.940999999999999,0.046,14.172,0.03,13.954,0.055,,,,,,,,,17.26,,,,,,,,,,,,,,,,,0.00956,0864-0251278,AAA-222-111-000-0-0,37.5,,14.934088119999998,13.951036400000001,,,14.1676024
200760,228884161,,,433-057532,12362880-0332563,1231-301-1-0133-0098,STAR,BV,,189.12001999999998,-3.549039,-3.7,3.3,-0.6,3.6,,,17.848,0.15,16.445,0.078,,,,,,,,,,,13.962,0.03,13.152999999999999,0.026000000000000002,13.024000000000001,0.027000000000000003,,,,,,,,,16.167,,,,,,,,,,,,,,,,,0.01483,,AAA-222-111-000-0-0,38.6,,13.95127791,13.0194027,,,13.146178199999998
201142,228884543,,,433-057127,12195023-0332329,1140-301-1-0214-0149,STAR,JHK,,184.959259,-3.5424589999999996,0.2,5.6,1.9,5.6,,,,,,,,,,,,,,,,,14.231,0.035,13.42,0.032,13.342,0.032,,,,,,,,,16.578,,,,,,,,,,,,,,,,,0.01273,,AAA-222-111-000-0-0,23.6,,14.221796209999999,13.3380537,,,13.414144199999999
203392,228886793,,,,12493010-0330195,6121-301-1-0139-0190,STAR,gri,,192.375437,-3.505432,-3.0,3.0,0.0,3.0,,,,,,,21.035,0.08800000000000001,17.927,0.006,16.713,0.005,16.208,0.005,15.913,0.006999999999999999,14.716,0.03,13.895,0.033,13.71,0.052000000000000005,,,,,,,,,16.724,,,,,,,,,,,,,,,,,0.01283,,AAA-222-111-000-0-0,52.0,20.98061363,14.70672391,13.7060227,16.68368345,17.88462251,13.8890982
208551,228891952,,,,12595250-0325063,,STAR,J,,194.968765,-3.4184339999999995,,,,,,,,,,,,,,,,,,,,,14.949000000000002,0.040999999999999995,14.242,0.043,13.948,0.065,,,,,,,,,16.365,,,,,,,,,,,,,,,,,0.01385,0865-0254344,AAA-222-111-000-0-0,59.4,,14.938986450000002,13.943706500000001,,,14.235629000000001
210421,228893822,,,,12490727-0323050,,STAR,JHK,,192.280304,-3.3847370000000003,,,,,,,,,,,,,,,,,,,,,15.029000000000002,0.07200000000000001,14.277999999999999,0.09,13.995999999999999,0.086,,,,,,,,,17.465999999999998,,,,,,,,,,,,,,,,,0.01283,0866-0253295,AAA-222-111-000-0-0,60.9,,15.019723910000002,13.992022699999998,,,14.272098199999999
213931,228897332,,,,12053880-0319232,1231-301-2-0081-0154,STAR,gri,,181.411708,-3.323115,-3.0,3.0,-6.0,3.0,,,,,,,21.230999999999998,0.113,18.607,0.008,17.184,0.005,16.421,0.004,15.962,0.006999999999999999,14.85,0.03,14.109000000000002,0.034,13.868,0.048,,,,,,,,,17.077,,,,,,,,,,,,,,,,,0.02347,,AAA-222-111-000-0-0,97.4,21.131510669999997,14.83303119,13.860724300000001,17.13037105,18.52947859,14.098203800000002
215879,228899280,,,434-056237,12081786-0317186,1231-301-2-0086-0102,STAR,gri,,182.07443999999998,-3.2885480000000005,7.8,5.6,8.1,5.3,,,18.137,0.02,16.5,0.09,,,17.297,0.1,15.93,0.01,15.434000000000001,0.14,,,13.83,0.026000000000000002,12.992,0.023,12.784,0.027000000000000003,,,,,,,,,15.993,,,,,,,,,,,,,,,,,0.01424,,AAA-222-111-000-0-0,66.0,,13.81970448,12.7795856,15.8974616,17.24996528,12.9854496
221669,228905070,,,,12562222-0311110,1231-301-2-0166-0123,STAR,gri,,194.09258400000002,-3.186408,-7.0,3.0,-8.0,3.0,,,,,,,22.103,0.209,19.179000000000002,0.011000000000000001,17.787,0.006,16.73,0.005,16.137,0.006999999999999999,14.902000000000001,0.038,14.152999999999999,0.036000000000000004,13.992,0.064,,,,,,,,,17.465,,,,,,,,,,,,,,,,,0.01878,,AAA-222-111-000-0-0,63.3,22.023391580000002,14.888422060000002,13.986178200000001,17.744087699999998,19.116969660000002,14.144361199999999
227517,228910918,,,,12310850-0305134,1140-301-2-0233-0095,STAR,gri,,187.785433,-3.087079,-6.0,3.0,-2.0,3.0,,,,,,,20.575,0.066,17.975,0.006,16.544,0.004,15.613,0.003,15.099,0.005,13.892999999999999,0.027999999999999997,13.155999999999999,0.026000000000000002,12.885,0.031,,,,,,,,,16.322,,,,,,,,,,,,,,,,,0.01721,,AAA-222-111-000-0-0,37.1,20.50204681,13.88055717,12.8796649,16.50467515,17.91815537,13.148083399999999
229096,228912497,,,,12393129-0303289,1140-301-2-0247-0224,STAR,gri,,189.880404,-3.058031,-6.0,3.0,8.0,3.0,,,,,,,21.018,0.085,18.41,0.006999999999999999,17.051,0.005,16.299,0.004,15.868,0.006,14.763,0.04,13.987,0.042,13.889000000000001,0.06,,,,,,,,,16.932000000000002,,,,,,,,,,,,,,,,,0.01306,,AAA-222-111-000-0-0,26.4,20.96263866,14.75355762,13.8849514,17.0211579,18.36686282,13.9809924
241132,228924533,,,436-057066,12582242-0250481,,STAR,JHK,,194.593414,-2.8466549999999997,-2.7,3.6,4.7,3.7,,,,,,,,,,,,,,,,,13.267999999999999,0.027000000000000003,12.398,0.024,12.19,0.024,,,,,,,,,15.83,,,,,,,,,,,,,,,,,0.01318,,AAA-222-111-000-0-0,31.9,,13.25847086,12.1859142,,,12.3919372
245834,228929235,,,437-055545,12571953-0245504,1231-301-3-0167-0180,STAR,gri,,194.33146499999998,-2.764026,4.7,6.6,6.6,6.6,,,18.622,0.3,16.889,0.095,,,17.932000000000002,0.09699999999999999,16.456,0.08800000000000001,16.012,0.134,,,14.540999999999999,0.033,13.764000000000001,0.039,13.579,0.049,,,,,,,,,16.588,,,,,,,,,,,,,,,,,0.01281,,AAA-222-111-000-0-0,85.2,,14.53173837,13.575028900000001,16.42672915,17.88968857,13.758107400000002
249241,228932642,,,,12071536-0242097,1140-301-3-0193-0133,STAR,gri,,181.814025,-2.702703,3.0,3.0,-8.0,3.0,,,,,,,22.41,0.20800000000000002,19.736,0.013999999999999999,18.19,0.006999999999999999,16.669,0.005,15.822000000000001,0.006999999999999999,14.427999999999999,0.040999999999999995,13.695,0.033,13.398,0.047,,,,,,,,,17.589000000000002,,,,,,,,,,,,,,,,,0.01763,,AAA-222-111-000-0-0,85.8,22.33526643,14.41525351,13.3925347,18.149715450000002,19.677768110000002,13.6868902
250679,228934080,,,,12552279-0240396,,STAR,J,,193.844966,-2.67769,,,,,,,,,,,,,,,,,,,,,14.707,0.04,13.982999999999999,0.047,13.672,0.055,,,,,,,,,16.104,,,,,,,,,,,,,,,,,0.01446,0873-0328678,AAA-222-111-000-0-0,9.5,,14.696545420000001,13.667517400000001,,,13.9763484
258259,228941660,,,,12284876-0232268,1140-301-3-0229-0146,STAR,gri,,187.203171,-2.5408049999999998,2.0,3.0,8.0,3.0,,,,,,,21.000999999999998,0.077,18.311,0.006999999999999999,16.922,0.004,16.241,0.004,15.865,0.006999999999999999,14.735,0.033,13.985999999999999,0.032,13.814,0.052000000000000005,,,,,,,,,16.862000000000002,,,,,,,,,,,,,,,,,0.03731,,AAA-222-111-000-0-0,39.4,20.842842909999998,14.70802487,13.8024339,16.836746650000002,18.18776507,13.968837399999998
261178,228944579,,,438-056825,12575532-0229204,1140-301-3-0278-0081,STAR,JHK,,194.48048500000002,-2.489092,-4.3,3.7,-3.3,5.1,,,,,,,,,,,,,,,,,14.349,0.024,13.58,0.033,13.39,0.038,,,,,,,,,16.601,,,,,,,,,,,,,,,,,0.01347,,AAA-222-111-000-0-0,34.3,,14.33926119,13.385824300000001,,,13.5738038
277712,228961113,,,,12312569-0211471,1140-301-4-0233-0196,STAR,gri,,187.857081,-2.196418,1.0,3.0,1.0,3.0,,,,,,,21.805999999999997,0.16699999999999998,18.358,0.006999999999999999,17.026,0.005,16.475,0.004,16.16,0.008,14.882,0.048,14.067,0.036000000000000004,13.95,0.06,,,,,,,,,17.04,,,,,,,,,,,,,,,,,0.01111,,AAA-222-111-000-0-0,50.8,21.758904709999996,14.87396747,13.9465559,17.00061365,18.32130367,14.0618894
283069,228966470,,,,12174833-0205507,1140-301-4-0211-0101,STAR,gri,,184.451416,-2.097433,-3.0,3.0,7.0,3.0,,,,,,,21.320999999999998,0.092,19.011,0.009000000000000001,17.55,0.006,16.57,0.005,16.023,0.006999999999999999,14.818,0.040999999999999995,14.045,0.033,13.842,0.046,,,,,,,,,17.302,,,,,,,,,,,,,,,,,0.01531,,AAA-222-111-000-0-0,62.7,21.256100909999997,14.80693087,13.8372539,17.51501665,18.96043107,14.0379574
284423,228967824,,,,11585271-0204247,1140-301-4-0179-0157,STAR,gri,,179.719626,-2.0735360000000003,-2.0,3.0,2.0,3.0,,,,,,,20.76,0.057,18.116,0.006,16.784000000000002,0.005,16.128,0.004,15.751,0.006,14.640999999999998,0.035,13.868,0.036000000000000004,13.710999999999999,0.039,,,,,,,,,16.724,,,,,,,,,,,,,,,,,0.01171,,AAA-222-111-000-0-0,72.3,20.710361310000003,14.632533669999999,13.707369899999998,16.757242650000002,18.07732187,13.8626134
285037,228968438,,,440-054601,12251148-0203436,1231-301-5-0114-0048,STAR,gri,,186.29789499999998,-2.062116,-9.8,3.8,7.7,4.0,,,16.914,0.07,15.65,0.04,,,16.357,0.06,15.185,0.05,14.753,0.1,,,13.642999999999999,0.036000000000000004,12.854000000000001,0.023,12.698,0.026000000000000002,,,,,,,,,15.234000000000002,,,,,,,,,,,,,,,,,0.01338,,AAA-222-111-000-0-0,74.6,,13.633326259999999,12.6938522,15.1544267,16.31280586,12.847845200000002
295137,228978538,,,,12162028-0152367,1231-301-5-0099-0140,STAR,gri,,184.084504,-1.876883,-2.0,3.0,-9.0,3.0,,,,,,,20.996,0.092,18.43,0.006999999999999999,17.055999999999997,0.004,16.426,0.004,16.048,0.006999999999999999,14.954,0.037000000000000005,14.164000000000001,0.047,13.972999999999999,0.057,,,,,,,,,17.027,,,,,,,,,,,,,,,,,0.01613,,AAA-222-111-000-0-0,23.3,20.92762493,14.94233801,13.967999699999998,17.01914295,18.376722609999998,14.156580200000002
296311,228979712,,,,12405478-0151198,6121-301-6-0150-0156,STAR,gri,,190.228272,-1.8555139999999999,-2.0,3.0,-9.0,3.0,,,,,,,21.246,0.122,18.757,0.009000000000000001,17.406,0.006,16.509,0.005,16.026,0.006999999999999999,14.807,0.036000000000000004,14.065999999999999,0.032,13.876,0.051,,,,,,,,,17.183,,,,,,,,,,,,,,,,,0.01186,,AAA-222-111-000-0-0,43.9,21.19572546,14.79842522,13.872323399999999,17.3788999,18.71782642,14.0605444
296811,228980212,,,,12222748-0150472,1140-301-5-0218-0166,STAR,gri,,185.61453999999998,-1.846457,-6.0,4.0,0.0,4.0,,,,,,,21.858,0.142,19.357,0.011000000000000001,17.982,0.006999999999999999,16.896,0.005,16.299,0.008,14.993,0.036000000000000004,14.28,0.04,13.975,0.055,,,,,,,,,17.634,,,,,,,,,,,,,,,,,0.0168,,AAA-222-111-000-0-0,39.5,21.7867848,14.9808536,13.969792,17.943611999999998,19.3015096,14.272272
302032,228985433,,,442-055387,12491098-0145096,6121-301-1-0151-0166,STAR,gri,,192.29576200000002,-1.7527130000000002,-3.4,3.0,-1.6,2.9,,,17.143,0.02,15.709000000000001,0.12,,,16.491,0.07,15.203,0.08,14.696,0.084,,,13.142999999999999,0.026000000000000002,12.375,0.026000000000000002,12.245999999999999,0.027000000000000003,,,,,,,,,15.235,,,,,,,,,,,,,,,,,0.01104,,AAA-222-111-000-0-0,30.1,,13.135018079999998,12.242577599999999,15.1777736,16.45453488,12.3699216
304597,228987998,,,,12474462-0142231,6121-301-2-0151-0296,STAR,gri,,191.93595,-1.7064290000000002,2.0,3.0,-7.0,3.0,,,,,,,21.97,0.19,19.298,0.012,17.923,0.006999999999999999,16.783,0.006,16.158,0.008,14.892999999999999,0.036000000000000004,14.175,0.039,13.902000000000001,0.045,,,,,,,,,17.538,,,,,,,,,,,,,,,,,0.01493,,AAA-222-111-c00-0-0,27.6,21.906711729999998,14.88220561,13.8973717,17.888884949999998,19.24868621,14.1681322
322852,229006253,,,,12545393-0122474,,STAR,JHK,,193.72470900000002,-1.379858,,,,,,,,,,,,,,,,,,,,,14.890999999999998,0.035,14.09,0.025,13.837,0.054000000000000006,,,,,,,,,17.385,,,,,,,,,,,,,,,,,0.01138,0886-0224257,AAA-222-111-000-0-0,38.2,,14.882772259999998,13.8334722,,,14.0847652
324538,229007939,,,444-055454,12581783-0120587,1140-301-6-0278-0170,STAR,JHK,,194.57435800000002,-1.349626,8.0,5.4,-1.4,5.3,,,,,,,,,,,,,,,,,13.802,0.033,12.982000000000001,0.023,12.762,0.031,,,,,,,,,16.258,,,,,,,,,,,,,,,,,0.01441,,AAA-222-111-000-0-0,28.1,,13.79158157,12.757532900000001,,,12.9753714
324559,229007960,,,444-055457,12582077-0120572,,STAR,JHK,,194.58658400000002,-1.349229,5.6,5.9,-9.3,6.4,,,,,,,,,,,,,,,,,13.032,0.027000000000000003,12.187000000000001,0.025,12.014000000000001,0.024,,,,,,,,,15.43,,,,,,,,,,,,,,,,,0.01441,0886-0224839,AAA-222-111-c00-0-0,9.2,,13.02158157,12.009532900000002,,,12.1803714
341254,229024655,,,,12413772-0100182,6121-301-6-0155-0157,STAR,gri,,190.40720100000001,-1.0050700000000001,-9.0,3.0,0.0,3.0,,,,,,,20.805999999999997,0.085,18.137,0.006999999999999999,16.733,0.005,15.959000000000001,0.005,15.564,0.006,14.46,0.036000000000000004,13.715,0.032,13.459000000000001,0.045,,,,,,,,,16.612000000000002,,,,,,,,,,,,,,,,,0.01572,,AAA-222-111-000-0-0,53.5,20.739362919999998,14.448634440000001,13.454126800000001,16.6970798,18.08507684,13.7077688
341285,229024686,,,445-055694,12562161-0100162,756-301-1-0523-0244,STAR,JHK,,194.09001999999998,-1.004441,-5.0,3.6,3.8,6.0,,,,,,,,,,,,,,,,,14.439,0.028999999999999998,13.639000000000001,0.036000000000000004,13.606,0.045,,,,,,,,,16.608,,,,,,,,,,,,,,,,,0.01357,,AAA-222-111-000-0-0,46.6,,14.42918889,13.6017933,,,13.6327578
342913,229026314,,,446-054906,12251378-0057566,,STAR,JHK,,186.307504,-0.9658549999999999,6.9,7.7,-1.7,7.4,,,,,,,,,,,,,,,,,14.283,0.031,13.47,0.028999999999999998,13.349,0.033,,,,,,,,,16.477,,,,,,,,,,,,,,,,,0.01461,,AAA-222-111-000-0-0,65.6,,14.27243697,13.344470900000001,,,13.463279400000001
344032,229027433,,,446-054257,11574860-0056219,,STAR,gri,,179.452482,-0.939435,-4.5,5.9,4.2,5.7,,,18.19,0.42,16.942999999999998,0.1,,,17.656,0.11,16.433,0.1,16.123,0.17,,,14.655999999999999,0.038,13.902999999999999,0.04,13.774000000000001,0.046,,,,,,,,,16.583,,,,,,,,,,,,,,,,,0.01166,,AAA-222-111-000-0-0,56.2,,14.64756982,13.7703854,16.4063569,17.61748702,13.897636399999998
352164,229035565,,,,12554457-0045303,752-301-2-0336-0227,STAR,gri,,193.935714,-0.758417,-6.0,3.0,8.0,3.0,,,,,,,20.678,0.057,18.063,0.006,16.69,0.004,16.086,0.004,15.755999999999998,0.006,14.815999999999999,0.055999999999999994,13.945,0.043,13.765,0.063,,,,,,,,,16.679000000000002,,,,,,,,,,,,,,,,,0.01905,,AAA-222-111-000-0-0,56.8,20.59724705,14.802226849999998,13.7590945,16.646470750000002,18.00007785,13.936237
353057,229036458,,,,12392359-0044224,752-301-2-0309-0153,STAR,gri,,189.84831499999999,-0.739574,-3.0,3.0,2.0,3.0,,,,,,,20.395,0.051,17.680999999999997,0.005,16.423,0.004,15.966,0.004,15.707,0.006,14.761,0.04,13.892000000000001,0.043,13.77,0.051,,,,,,,,,16.48,,,,,,,,,,,,,,,,,0.01107,,AAA-222-111-000-0-0,4.3,20.348074269999998,14.75299639,13.7665683,16.39770505,17.644435789999996,13.886907800000001
356327,229039728,,,447-053295,12124295-0039573,752-301-2-0265-0050,STAR,gri,,183.178966,-0.665924,-8.5,3.3,0.3,3.1,,,17.377,0.11199999999999999,16.382,0.076,,,16.989,0.07,15.710999999999999,0.068,15.284,0.03,,,13.784,0.026000000000000002,13.020999999999999,0.023,12.864,0.028999999999999998,,,,,,,,,15.795,,,,,,,,,,,,,,,,,0.01253,,AAA-222-111-000-0-0,96.8,,13.77494081,12.860115700000001,15.682368949999999,16.947613410000002,13.015236199999999
359797,229043198,,,,12480334-0035100,,STAR,JHK,,192.01392099999998,-0.586113,,,,,,,,,,,,,,,,,,,,,14.945,0.040999999999999995,14.186,0.039,13.953,0.055999999999999994,,,,,,,,,17.277,,,,,,,,,,,,,,,,,0.00928,0894-0222486,AAA-222-111-000-0-0,13.2,,14.93829056,13.9501232,,,14.1817312
365713,229049114,,,,12485860-0027027,756-301-2-0510-0213,STAR,gri,,192.24418,-0.450763,7.0,3.0,3.0,3.0,,,,,,,20.798000000000002,0.061,17.964000000000002,0.006,16.579,0.004,15.8,0.004,15.385,0.005,14.214,0.032,13.453,0.03,13.144,0.037000000000000005,,,,,,,,,16.449,,,,,,,,,,,,,,,,,0.02413,,AAA-222-111-000-0-0,45.1,20.695712930000003,14.19655401,13.136519700000001,16.52386295,17.884298610000002,13.4419002
365935,229049336,,,,12074655-0026435,,STAR,JHK,,181.943959,-0.44543900000000003,8.0,5.0,8.0,1.0,,,,,,,,,,,,,,,,,14.963,0.03,14.247,0.04,13.970999999999998,0.05,,,,,,,,,17.506,,,,,,,,,,,,,,,,,0.01797,0895-0214839,AAA-222-111-000-0-0,51.3,,14.95000769,13.965429299999998,,,14.2387338
367004,229050405,,,,12583274-0025165,756-301-2-0526-0145,STAR,gri,,194.63642,-0.42126199999999997,8.0,5.0,-1.0,5.0,,,,,,,22.674,0.34299999999999997,20.054000000000002,0.018000000000000002,18.651,0.009000000000000001,17.168,0.005,16.362000000000002,0.008,14.956,0.039,14.232000000000001,0.039,13.982999999999999,0.063,,,,,,,,,18.034000000000002,,,,,,,,,,,,,,,,,0.00849,,AAA-222-111-000-0-0,58.5,22.63801089,14.94986173,13.980368099999998,18.63160035,20.025957530000003,14.2280946
369290,229052691,,,,12465237-0022171,,STAR,JHK,,191.718213,-0.371433,,,,,,,,,,,,,,,,,,,,,14.835999999999999,0.034,14.074000000000002,0.037000000000000005,13.925,0.054000000000000006,,,,,,,,,16.979,,,,,,,,,,,,,,,,,0.01389,0896-0223962,AAA-222-111-000-0-0,56.3,,14.825957529999998,13.9206941,,,14.067610600000002
369695,229053096,,,,12271965-0021488,,STAR,JHK,,186.831907,-0.363571,,,,,,,,,,,,,,,,,,,,,14.642999999999999,0.035,13.884,0.022000000000000002,13.609000000000002,0.039,,,,,,,,,17.083,,,,,,,,,,,,,,,,,0.01701,0896-0220392,AAA-222-111-000-0-0,35.7,,14.630701769999998,13.603726900000002,,,13.876175400000001
371145,229054546,,,,12573443-0019549,752-301-3-0340-0099,STAR,gri,,194.393467,-0.331929,-5.0,4.0,4.0,4.0,,,,,,,22.072,0.14800000000000002,19.519000000000002,0.012,18.104,0.006999999999999999,16.857,0.005,16.19,0.006999999999999999,14.879000000000001,0.047,14.164000000000001,0.048,13.860999999999999,0.055999999999999994,,,,,,,,,17.656,,,,,,,,,,,,,,,,,0.01617,,AAA-222-111-000-0-0,38.7,22.003455369999998,14.867309090000001,13.855987299999999,18.06705155,19.46559049,14.156561800000002
372201,229055602,,,449-052297,11594772-0018383,6793-301-3-0129-0206,STAR,gri,,179.949145,-0.310662,-6.3,18.5,-0.6,18.4,,,18.373,0.34,17.192999999999998,0.21,,,17.845,0.15,16.521,0.05,15.255999999999998,0.14,,,13.449000000000002,0.026000000000000002,12.719000000000001,0.022000000000000002,12.463,0.023,,,,,,,,,16.032,,,,,,,,,,,,,,,,,0.02171,,AAA-222-111-000-0-0,24.8,,13.43330367,12.456269899999999,16.471392650000002,17.773291869999998,12.709013400000002
374569,229057970,,,,12463947-0015344,6121-301-3-0161-0008,STAR,gri,,191.664476,-0.25957199999999997,1.0,3.0,6.0,3.0,,,,,,,20.741,0.069,18.023,0.006,16.609,0.005,15.968,0.005,15.618,0.006999999999999999,14.575,0.033,13.785,0.035,13.571,0.043,,,,,,,,,16.585,,,,,,,,,,,,,,,,,0.01389,,AAA-222-111-000-0-0,26.3,20.68212029,14.56495753,13.5666941,16.57726135,17.97712133,13.7786106
376507,229059908,,,449-052460,12055216-0012565,6793-301-3-0139-0207,STAR,JHK,,181.467352,-0.215705,1.6,6.4,-0.1,6.0,,,,,,,,,,,,,,,,,14.482000000000001,0.033,13.71,0.033,13.585999999999999,0.045,,,,,,,,,16.592,,,,,,,,,,,,,,,,,0.01452,,AAA-222-111-000-0-0,90.7,,14.47150204,13.581498799999999,,,13.7033208
379136,229062537,,,,12313801-0009079,,STAR,J,,187.908407,-0.152221,,,,,,,,,,,,,,,,,,,,,14.67,0.064,13.939,0.068,13.647,0.077,,,,,,,,,16.064,,,,,,,,,,,,,,,,,0.01627,0898-0220652,AAA-222-111-000-0-0,62.2,,14.65823679,13.6419563,,,13.9315158
384568,229067969,,,450-052605,12172240-0001145,,STAR,gri,,184.34338400000001,-0.020694999999999998,-4.2,3.0,-7.2,3.3,,,17.208,0.06,15.705,0.24,,,16.445,0.09,15.159,0.07,14.837,0.08800000000000001,,,13.095,0.03,12.312000000000001,0.026000000000000002,12.167,0.027000000000000003,,,,,,,,,15.319,,,,,,,,,,,,,,,,,0.03066,,AAA-222-111-000-0-0,43.4,,13.07283282,12.1574954,15.0889419,16.34373002,12.2978964
387310,229070711,,,451-053615,12392848+0002445,752-301-4-0309-0174,STAR,JHK,,189.868717,0.045794,8.0,6.4,-1.6,6.2,,,,,,,,,,,,,,,,,14.64,0.035,13.862,0.036000000000000004,13.761,0.05,,,,,,,,,16.714000000000002,,,,,,,,,,,,,,,,,0.01483,,AAA-222-111-000-0-0,55.4,,14.62927791,13.756402699999999,,,13.8551782
388263,229071664,,,,12091860+0004036,6793-301-4-0145-0118,STAR,gri,,182.32753,0.067674,6.0,3.0,-1.0,3.0,,,,,,,20.805,0.079,18.131,0.006999999999999999,16.698,0.005,15.807,0.005,15.305,0.006,14.185,0.028999999999999998,13.407,0.027000000000000003,13.177999999999999,0.034,,,,,,,,,16.504,,,,,,,,,,,,,,,,,0.02472,,AAA-222-111-000-0-0,129.0,20.70021192,14.16712744,13.1703368,16.6415148,18.04934984,13.3956288
389640,229073041,,,451-053067,12160637+0005551,752-301-4-0270-0066,STAR,JHK,,184.02649399999999,0.09865,8.9,4.0,-8.1,4.0,,,,,,,,,,,,,,,,,13.633,0.027000000000000003,12.842,0.023,12.654000000000002,0.024,,,,,,,,,15.933,,,,,,,,,,,,,,,,,0.01405,,AAA-222-111-000-0-0,18.4,,13.622841849999999,12.6496445,,,12.835537
390986,229074387,,,451-053660,12411325+0007496,6121-301-6-0163-0120,STAR,gri,,190.305266,0.130378,3.2,3.9,-5.5,4.0,,,18.293,0.22,16.322,0.07400000000000001,,,17.302,0.12,15.847999999999999,0.06,15.145,0.1,,,13.585999999999999,0.026000000000000002,12.775,0.022000000000000002,12.6,0.024,,,,,,,,,15.792,,,,,,,,,,,,,,,,,0.01808,,AAA-222-111-000-0-0,57.1,,13.572928159999998,12.5943952,15.806687199999999,17.24228176,12.766683200000001
396749,229080150,,,,12270344+0016251,,STAR,J,,186.76434,0.273642,,,,,,,,,,,,,,,,,,,,,15.033,0.053,14.308,0.053,14.005,0.064,,,,,,,,,16.456,,,,,,,,,,,,,,,,,0.01976,0902-0214994,AAA-222-111-000-0-0,20.0,,15.018713519999999,13.9988744,,,14.2989104
397055,229080456,,,,12083834+0016583,,STAR,JHK,,182.159772,0.28287399999999996,-2.0,2.0,4.0,1.0,,,,,,,,,,,,,,,,,14.808,0.04,14.044,0.044000000000000004,13.936,0.057,,,,,,,,,16.868,,,,,,,,,,,,,,,,,0.01846,0902-0212022,AAA-222-111-000-0-0,33.1,,14.79465342,13.9302774,,,14.035508400000001
399102,229082503,,,,12574457+0020110,,STAR,JHK,,194.435738,0.336414,,,,,,,,,,,,,,,,,,,,,14.519,0.036000000000000004,13.738,0.034,13.57,0.045,,,,,,,,,16.747,,,,,,,,,,,,,,,,,0.01584,0903-0220867,AAA-222-111-000-0-0,53.3,,14.50754768,13.5650896,,,13.7307136
400306,229083707,,,452-051358,12232433+0022005,,STAR,JHK,,185.851498,0.366902,6.1,4.8,-4.5,4.6,,,,,,,,,,,,,,,,,14.187999999999999,0.033,13.447000000000001,0.027999999999999997,13.269,0.044000000000000004,,,,,,,,,16.617,,,,,,,,,,,,,,,,,0.01736,,AAA-222-111-000-0-0,50.0,,14.175448719999999,13.2636184,,,13.439014400000001
405274,229088675,,,,12364089+0029159,752-301-5-0305-0084,STAR,gri,,189.170377,0.487754,1.0,3.0,2.0,3.0,,,,,,,21.7,0.127,19.085,0.01,17.706,0.006,16.533,0.005,15.892999999999999,0.006,14.597000000000001,0.035,13.869000000000002,0.038,13.642000000000001,0.047,,,,,,,,,17.299,,,,,,,,,,,,,,,,,0.00875,,AAA-222-111-000-0-0,96.2,21.66290875,14.59067375,13.639287500000002,17.68600625,19.05609875,13.864975000000001
407223,229090624,,,,12082230+0032052,6793-301-5-0143-0195,STAR,gri,,182.09293,0.534804,-5.0,3.0,1.0,3.0,,,,,,,20.660999999999998,0.065,18.025,0.006,16.825,0.005,16.281,0.004,15.98,0.006999999999999999,14.883,0.035,14.08,0.036000000000000004,13.864,0.06,,,,,,,,,16.804000000000002,,,,,,,,,,,,,,,,,0.01846,,AAA-222-111-000-0-0,20.1,20.582748059999997,14.869653419999999,13.8582774,16.7828189,17.96402662,14.0715084
411850,229095251,,,454-051637,12390847+0039039,756-301-5-0494-0038,STAR,gri,,189.785303,0.651068,-1.0,2.8,-0.8,3.0,,,17.131,0.02,15.625,0.02,,,16.319000000000003,0.04,15.203,0.03,14.755,0.04,,,13.350999999999999,0.026000000000000002,12.582,0.028999999999999998,12.494000000000002,0.026000000000000002,,,,,,,,,15.224,,,,,,,,,,,,,,,,,0.01373,,AAA-222-111-000-0-0,63.1,,13.34107321,12.489743700000002,15.17162695,16.273649810000002,12.575684200000001
413298,229096699,,,,12480705+0041229,,STAR,JHK,,192.029398,0.68972,,,,,,,,,,,,,,,,,,,,,14.700999999999999,0.040999999999999995,13.959000000000001,0.033,13.752,0.055999999999999994,,,,,,,,,17.195,,,,,,,,,,,,,,,,,0.01008,0906-0218470,AAA-222-111-000-0-0,21.1,,14.693712159999999,13.7488752,,,13.954363200000001
416094,229099495,,,,12382617+0045495,756-301-5-0493-0122,STAR,gri,,189.609046,0.7637550000000001,3.0,3.0,-6.0,3.0,,,,,,,21.686999999999998,0.11699999999999999,18.977999999999998,0.009000000000000001,17.609,0.005,16.570999999999998,0.004,16.011,0.006,14.757,0.033,14.015,0.040999999999999995,13.82,0.057999999999999996,,,,,,,,,17.293,,,,,,,,,,,,,,,,,0.01373,,AAA-222-111-000-0-0,70.0,21.628798529999997,14.74707321,13.8157437,17.577626950000003,18.932649809999997,14.008684200000001
424254,229107655,,,,12532182+0058246,752-301-6-0332-0178,STAR,gri,,193.340955,0.9735030000000001,5.0,4.0,-2.0,4.0,,,,,,,21.955,0.14800000000000002,19.294,0.011000000000000001,17.84,0.006,16.604,0.004,15.925999999999998,0.006,14.675,0.038,13.885,0.038,13.814,0.059000000000000004,,,,,,,,,17.410999999999998,,,,,,,,,,,,,,,,,0.01006,,AAA-222-111-000-0-0,144.2,21.91235566,14.66772662,13.8108814,17.817012899999998,19.260771820000002,13.8803724
431238,229114639,,,456-052044,12281988+0109324,756-301-6-0476-0054,STAR,gri,,187.082841,1.159037,-5.2,3.0,-6.3,3.4,,,16.985,0.096,15.392000000000001,0.02,,,16.1,0.07,15.011,0.08,14.795,0.36,,,12.992,0.024,12.222000000000001,0.023,12.126,0.024,,,,,,,,,15.187000000000001,,,,,,,,,,,,,,,,,0.017,,AAA-222-111-000-0-0,85.4,,12.979709000000001,12.12073,14.972154999999999,16.043849,12.21418
442191,229125592,,,,12082753+0125173,1462-301-1-0379-0146,STAR,gri,,182.114714,1.421473,2.0,3.0,-3.0,3.0,,,,,,,20.477999999999998,0.062,17.895,0.006,16.588,0.004,16.012,0.005,15.687000000000001,0.006,14.538,0.037000000000000005,13.755999999999998,0.036000000000000004,13.648,0.042,,,,,,,,,16.577,,,,,,,,,,,,,,,,,0.02032,,AAA-222-111-000-0-0,17.1,20.391863519999998,14.52330864,13.641700799999999,16.5415688,17.82788304,13.746652799999998
442658,229126059,,,,12475406+0125562,6005-301-3-0173-0255,STAR,gri,,191.975286,1.432296,1.0,3.0,7.0,3.0,,,,,,,20.875,0.061,18.324,0.006999999999999999,16.92,0.005,16.285999999999998,0.005,15.943,0.006999999999999999,14.796,0.043,14.065,0.038,13.850999999999999,0.053,,,,,,,,,16.897000000000002,,,,,,,,,,,,,,,,,0.01256,,AAA-222-111-000-0-0,45.6,20.82175816,14.786919119999999,13.8471064,16.891300400000002,18.28251432,14.0592224
449547,229132948,,,,12270544+0135450,1458-301-1-0414-0127,STAR,gri,,186.772685,1.595853,-3.0,3.0,1.0,3.0,,,,,,,21.221,0.11699999999999999,18.714000000000002,0.009000000000000001,17.317,0.005,16.317999999999998,0.005,15.767000000000001,0.006,14.481,0.035,13.738,0.038,13.57,0.044000000000000004,,,,,,,,,17.037,,,,,,,,,,,,,,,,,0.01261,,AAA-222-111-000-0-0,58.1,21.16754621,14.47188297,13.5660909,17.28818615,18.672349170000004,13.732199399999999
450978,229134379,,,,12310894+0137405,1458-301-1-0421-0099,STAR,gri,,187.787251,1.627934,-5.0,3.0,-3.0,3.0,,,,,,,21.945999999999998,0.191,19.123,0.011000000000000001,17.775,0.006,16.698,0.005,16.225,0.008,14.942,0.043,14.208,0.038,13.979000000000001,0.069,,,,,,,,,17.425,,,,,,,,,,,,,,,,,0.01385,,AAA-222-111-000-0-0,27.2,21.88728985,14.93198645,13.974706500000002,17.74335275,19.07725345,14.201629
452868,229136269,,,459-050278,12384127+0140224,1462-301-2-0429-0285,STAR,gri,,189.671973,1.6728919999999998,-4.5,2.1,2.8,2.2,,,17.532,0.24,15.874,0.02,,,16.705,0.063,15.319,0.06,14.880999999999998,0.21,,,13.137,0.028999999999999998,12.312000000000001,0.026000000000000002,12.123,0.027000000000000003,,,,,,,,,15.427999999999999,,,,,,,,,,,,,,,,,0.01551,,AAA-222-111-000-0-0,45.4,,13.12578627,12.1181919,15.28355965,16.653770469999998,12.3048654
453185,229136586,,,,12010213+0140494,1462-301-2-0366-0245,STAR,gri,,180.258881,1.6804139999999999,-9.0,3.0,0.0,3.0,,,,,,,21.26,0.12300000000000001,18.636,0.008,17.215999999999998,0.005,16.389,0.004,15.937999999999999,0.006999999999999999,14.795,0.044000000000000004,14.052,0.045,13.867,0.057999999999999996,,,,,,,,,17.063,,,,,,,,,,,,,,,,,0.01164,,AAA-222-111-000-0-0,58.6,21.210658040000002,14.78658428,13.863391600000002,17.189402599999998,18.59755308,14.0466456
456538,229139939,,,,12202399+0145299,1462-301-2-0399-0092,STAR,gri,,185.099988,1.758316,2.0,3.0,1.0,3.0,,,,,,,20.86,0.087,18.212,0.006999999999999999,17.003,0.005,16.414,0.005,16.041,0.006999999999999999,14.855,0.042,14.09,0.036000000000000004,13.89,0.063,,,,,,,,,16.953,,,,,,,,,,,,,,,,,0.01668,,AAA-222-111-000-0-0,21.6,20.789293479999998,14.84294036,13.8848292,16.9648862,18.15690596,14.0823272
456838,229140239,,,,12231307+0145534,1462-301-2-0403-0190,STAR,gri,,185.804471,1.7648439999999999,-7.0,3.0,6.0,3.0,,,,,,,20.919,0.095,18.217,0.006999999999999999,16.89,0.005,16.311,0.005,15.987,0.006999999999999999,14.879000000000001,0.038,14.139000000000001,0.040999999999999995,13.963,0.06,,,,,,,,,16.883,,,,,,,,,,,,,,,,,0.0105,,AAA-222-111-000-0-0,35.8,20.8744905,14.871408500000001,13.959745,16.866007500000002,18.182318499999997,14.134170000000001
458529,229141930,,,,12404373+0148217,1462-301-2-0433-0064,STAR,gri,,190.182218,1.806038,8.0,3.0,-2.0,3.0,,,,,,,21.333000000000002,0.131,18.72,0.009000000000000001,17.297,0.005,16.409000000000002,0.005,15.914000000000001,0.006999999999999999,14.742,0.043,13.995999999999999,0.028999999999999998,13.761,0.051,,,,,,,,,17.102,,,,,,,,,,,,,,,,,0.01514,,AAA-222-111-000-0-0,44.1,21.26882154,14.731053780000002,13.756306599999998,17.262405100000002,18.66999258,13.9890356
461950,229145351,,,,12303559+0153149,1458-301-2-0420-0070,STAR,gri,,187.648318,1.8874900000000001,5.0,3.0,-2.0,3.0,,,,,,,21.048000000000002,0.1,18.511,0.008,17.086,0.005,16.333,0.005,15.915,0.006999999999999999,14.772,0.038,13.995,0.039,13.812000000000001,0.049,,,,,,,,,16.986,,,,,,,,,,,,,,,,,0.01703,,AAA-222-111-000-0-0,46.0,20.975809830000003,14.75968731,13.806720700000001,17.04708645,18.45474991,13.987166199999999
462277,229145678,,,,12243115+0153437,1458-301-2-0409-0151,STAR,gri,,186.129796,1.895498,-1.0,3.0,-6.0,3.0,,,,,,,21.145,0.111,18.678,0.009000000000000001,17.222,0.005,16.409000000000002,0.005,15.968,0.006999999999999999,14.853,0.043,14.073,0.039,13.879000000000001,0.067,,,,,,,,,17.09,,,,,,,,,,,,,,,,,0.01088,,AAA-222-111-000-0-0,57.3,21.09887968,14.84513376,13.875627200000002,17.197139200000002,18.64206336,14.0679952
481416,229164817,,,,12450562+0223428,6121-301-4-0178-0190,STAR,gri,,191.27343100000002,2.395236,0.0,3.0,-3.0,3.0,,,,,,,21.629,0.14800000000000002,18.778,0.009000000000000001,17.397000000000002,0.006,16.574,0.006,16.122,0.008,14.765,0.05,14.024000000000001,0.047,13.807,0.059000000000000004,,,,,,,,,17.235,,,,,,,,,,,,,,,,,0.00936,,AAA-222-111-000-0-0,35.2,21.58932296,14.75823272,13.8040984,17.3756124,18.747083919999998,14.0196944
487087,229170488,,,,12160738+0233062,1462-301-4-0392-0107,STAR,gri,,184.03079,2.55174,3.0,3.0,-1.0,3.0,,,,,,,21.205,0.11199999999999999,18.558,0.008,17.226,0.005,16.45,0.005,15.975999999999999,0.008,14.827,0.038,14.039000000000001,0.032,13.882,0.06,,,,,,,,,17.082,,,,,,,,,,,,,,,,,0.01647,,AAA-222-111-000-0-0,31.1,21.13518367,14.81509219,13.8768943,17.18836605,18.50359959,14.0314238
489444,229172845,,,,12323302+0237018,1462-301-4-0419-0216,STAR,gri,,188.13759,2.617191,-8.0,3.0,1.0,3.0,,,,,,,20.555999999999997,0.066,17.832,0.006,16.617,0.004,16.15,0.004,15.889000000000001,0.006999999999999999,14.909,0.044000000000000004,14.120999999999999,0.035,13.888,0.064,,,,,,,,,16.655,,,,,,,,,,,,,,,,,0.02168,,AAA-222-111-000-0-0,47.6,20.464098479999997,14.89332536,13.8812792,16.5674612,17.760390960000002,14.111027199999999
500600,229184001,,,465-048619,12494223+0257053,,STAR,JHK,,192.425971,2.9514709999999997,-3.0,4.2,-2.9,4.3,,,,,,,,,,,,,,,,,13.344000000000001,0.022000000000000002,12.565,0.022000000000000002,12.344000000000001,0.03,,,,,,,,,15.696,,,,,,,,,,,,,,,,,0.01586,,AAA-222-111-000-0-0,26.1,,13.332533220000002,12.339083400000002,,,12.557704399999999
500689,229184090,,,,12060184+0257147,1462-301-5-0375-0106,STAR,gri,,181.507677,2.954086,-9.0,4.0,1.0,4.0,,,,,,,21.982,0.19399999999999998,19.367,0.012,17.977,0.006999999999999999,16.761,0.005,16.155,0.006999999999999999,14.774000000000001,0.037000000000000005,13.994000000000002,0.043,13.935,0.059000000000000004,,,,,,,,,17.543,,,,,,,,,,,,,,,,,0.02823,,AAA-222-111-000-0-0,11.8,21.86233303,14.753589710000002,13.9262487,17.91249445,19.27375631,13.981014200000002
510113,229193514,,,467-047060,12464258+0315352,6121-301-3-0184-0221,STAR,gri,,191.677436,3.259747,-0.8,3.0,1.4,3.3,,,16.948,0.12,15.526,0.03,,,16.238,0.06,15.026,0.05,14.527999999999999,0.05,,,13.057,0.023,12.308,0.024,12.134,0.026000000000000002,,,,,,,,,15.040999999999999,,,,,,,,,,,,,,,,,0.01564,,AAA-222-111-000-0-0,34.5,,13.04569228,12.1291516,14.9902626,16.18634108,12.3008056
515593,229198994,,,468-046983,12133162+0327104,1462-301-6-0387-0090,STAR,JHK,,183.381792,3.452956,-4.4,4.0,1.2,4.5,,,,,16.749000000000002,0.11,,,,,,,,,,,14.18,0.036000000000000004,13.287,0.032,13.112,0.035,,,,,,,,,16.713,,,,,,,,,,,,,,,,,0.01595,,AAA-222-111-000-0-0,78.1,,14.168468149999999,13.1070555,,,13.279663000000001
524074,229207475,,,469-045966,12143509+0346001,2247-301-1-0153-0011,STAR,gri,,183.64633500000002,3.766764,-3.4,2.9,-1.7,3.4,,,16.878,0.07,15.463,0.04,,,16.159000000000002,0.06,15.059000000000001,0.07,14.572000000000001,0.06,,,13.151,0.026000000000000002,12.389000000000001,0.027999999999999997,12.209000000000001,0.026000000000000002,,,,,,,,,15.048,,,,,,,,,,,,,,,,,0.02183,,AAA-222-111-000-0-0,36.9,,13.13521691,12.202232700000001,15.00911845,16.08689551,12.378958200000001
526618,229210019,,,,12383089+0351528,2247-301-1-0192-0151,STAR,gri,,189.628743,3.864678,-8.0,3.0,-1.0,3.0,,,,,,,20.59,0.061,17.855999999999998,0.006,16.528,0.004,15.978,0.004,15.664000000000001,0.006,14.479000000000001,0.036000000000000004,13.708,0.039,13.635,0.057,,,,,,,,,16.541,,,,,,,,,,,,,,,,,0.01625,,AAA-222-111-000-0-0,52.8,20.52111625,14.46725125,13.6299625,16.490868749999997,17.802326249999997,13.700525
529545,229212946,,,470-046457,12124040+0359230,2126-301-1-0427-0011,STAR,JHK,,183.168348,3.98979,-6.6,3.2,0.2,3.8,,,,,,,,,,,,,,,,,13.589,0.028999999999999998,12.752,0.023,12.665,0.028999999999999998,,,,,,,,,16.03,,,,,,,,,,,,,,,,,0.01212,,AAA-222-111-000-0-0,18.7,,13.58023724,12.661242799999998,,,12.746424800000002
533412,229216813,,,471-046785,12205225+0410475,,STAR,JHK,,185.217704,4.179939,8.0,3.0,-2.0,2.0,,,,,,,,,,,,,,,,,14.905,0.054000000000000006,14.1,0.044000000000000004,13.864,0.063,,,,,,,,,17.364,,,,,,,,,,,,,,,,,0.01778,0941-0206867,AAA-222-111-000-0-0,33.8,,14.892145059999999,13.8584882,,,14.0918212
536767,229220168,,,,12331295+0421078,2247-301-2-0184-0172,STAR,gri,,188.303989,4.35217,5.0,3.0,-3.0,3.0,,,,,,,20.555,0.065,18.039,0.006,16.764,0.004,16.241,0.004,15.949000000000002,0.006999999999999999,14.909,0.037000000000000005,14.158,0.055,13.98,0.05,,,,,,,,,16.78,,,,,,,,,,,,,,,,,0.01725,,AAA-222-111-000-0-0,58.2,20.48187725,14.896528250000001,13.974652500000001,16.72458375,17.98202325,14.150065
537317,229220718,,,472-046871,12284335+0423049,2190-301-2-0035-0156,STAR,JHK,,187.180592,4.384717,-7.3,6.5,-7.5,6.6,,,,,,,,,,,,,,,,,13.453,0.023,12.603,0.03,12.392999999999999,0.025,,,,,,,,,15.964,,,,,,,,,,,,,,,,,0.0129,0943-0209277,AAA-222-111-000-0-0,50.6,,13.443673299999999,12.389000999999999,,,12.597066
537794,229221195,,,,12144310+0425034,,STAR,J,,183.679591,4.417629,,,,,,,,,,,,,,,,,,,,,14.568,0.07,13.83,0.073,13.534,0.075,,,,,,,,,15.954,,,,,,,,,,,,,,,,,0.02042,0944-0207038,AAA-222-111-000-0-0,35.5,,14.55323634,13.5276698,,,13.8206068
